Pref,Vcat,Pcat,Prhe,Pnosupp
350,650,388.888888888889,0,0
-350,800,-315,0,0
0,700,0,0,0
350,600,388.888888888889,0,0
350,550,0,0,350
350,575,194.444444444444,0,175
350,500,0,0,350
-350,850,-315,0,0
-350,900,-0,-315,0
-350,870,-189,-126,0
-350,950,-0,-315,0
